# MySQL 学习笔记

## SQL 语句与种类

- DDL（Data Definition Language）数据库定义语言：如 create drop alter
- DML（Data Manipulation Language）数据操纵语言：如 select insert update delete
- DCL（Data Control Language）数据控制语言：如 commit rollback grant revoke

我们使用的 SQL 语句中，有 90% 属于 DML

## MySQL 数据类型

整数类型：

|           类型           | 占用的存储空间（单位：字节） | 无符号数取值范围 | 有符号数取值范围 |      含义      |
| :----------------------: | :--------------------------: | :--------------: | :--------------: | :------------: |
|        `TINYINT`         |              1               |     0 ~ 2⁸-1     |    -2⁷ ~ 2⁷-1    |  非常小的整数  |
|        `SMALLINT`        |              2               |    0 ~ 2¹⁶-1     |   -2¹⁵ ~ 2¹⁵-1   |    小的整数    |
|       `MEDIUMINT`        |              3               |    0 ~ 2²⁴-1     |   -2²³ ~ 2²³-1   | 中等大小的整数 |
| `INT`（别名：`INTEGER`） |              4               |    0 ~ 2³²-1     |   -2³¹ ~ 2³¹-1   |   标准的整数   |
|         `BIGINT`         |              8               |    0 ~ 2⁶⁴-1     |   -2⁶³ ~ 2⁶³-1   |     大整数     |

浮点类型：

|   类型   | 占用的存储空间（单位：字节） |     绝对值最小非0值      |     绝对值最大非0值      |     含义     |
| :------: | :--------------------------: | :----------------------: | :----------------------: | :----------: |
| `FLOAT`  |              4               |     ±1.175494351E-38     |     ±3.402823466E+38     | 单精度浮点数 |
| `DOUBLE` |              8               | ±2.2250738585072014E-308 | ±1.7976931348623157E+308 | 双精度浮点数 |

定点数类型：

|      类型       | 占用的存储空间（单位：字节） |  取值范围  |
| :-------------: | :--------------------------: | :--------: |
| `DECIMAL(M, D)` |          取决于M和D          | 取决于M和D |

日期和时间类型：

|    类型     | 存储空间要求 |                    取值范围                    |     含义     |
| :---------: | :----------: | :--------------------------------------------: | :----------: |
|   `YEAR`    |    1字节     |                   1901~2155                    |    年份值    |
|   `DATE`    |    3字节     |          '1000-01-01' ~ '9999-12-31'           |    日期值    |
|   `TIME`    |    3字节     |           '-838:59:59' ~ '838:59:59'           |    时间值    |
| `DATETIME`  |    8字节     | '1000-01-01 00:00:00' ～ '9999-12-31 23:59:59' | 日期加时间值 |
| `TIMESTAMP` |    4字节     | '1970-01-01 00:00:01' ～ '2038-01-19 03:14:07' |    时间戳    |

字符串类型：

|     类型     |   最大长度   |   存储空间要求    |       含义       |
| :----------: | :----------: | :---------------: | :--------------: |
|  `CHAR(M)`   |   M个字符    |     M×W个字节     | 固定长度的字符串 |
| `VARCHAR(M)` |   M个字符    | L+1 或 L+2 个字节 | 可变长度的字符串 |
|  `TINYTEXT`  | 2⁸-1 个字节  |     L+1个字节     | 非常小型的字符串 |
|    `TEXT`    | 2¹⁶-1 个字节 |    L+2 个字节     |   小型的字符串   |
| `MEDIUMTEXT` | 2²⁴-1 个字节 |     L+3个字节     | 中等大小的字符串 |
|  `LONGTEXT`  | 2³²-1 个字节 |     L+4个字节     |   大型的字符串   |

枚举类型ENUM：它表示在给定的字符串列表里选择一个

```
ENUM('str1', 'str2', 'str3' ⋯)
```

SET类型，表示在给定的字符串列表里选择多个：

```
SET('str1', 'str2', 'str3' ⋯)
```

二进制类型：

|   类型   |    字节数     |       含义        |
| :------: | :-----------: | :---------------: |
| `BIT(M)` | 近似为(M+7)/8 | 存储M个比特位的值 |

## 数据库的基本操作

- 展示数据库：`SHOW DATABASES;`
- 创建数据库：`CREATE DATABASE 数据库名;`，可以在创建前先判断是否存在 `CREATE DATABASE IF NOT EXISTS 数据库名;`
- 切换数据库：`USE 数据库名称;`
- 删除数据库：`DROP DATABASE 数据库名;`，可以先判断是否存在：`DROP DATABASE IF EXISTS 数据库名;`

## 表的基本操作

- 展示数据库中有哪些表：`SHOW TABLES;`

- 创建表：

  ```sql
  CREATE TABLE 表名 (
      列名1    数据类型    [列的属性],
      列名2    数据类型    [列的属性],
      ...
      列名n    数据类型    [列的属性]
  );
  
  CREATE TABLE 表名 (
      各个列的信息 ...
  ) COMMENT '表的注释信息';
  
  CREATE TABLE IF NOT EXISTS 表名(
      各个列的信息 ...
  );
  ```

- 删除表：`DROP TABLE 表1, 表2, ..., 表n;`

- 查看表结构：

  ```sql
  DESCRIBE 表名;
  DESC 表名;
  EXPLAIN 表名;
  SHOW COLUMNS FROM 表名;
  SHOW FIELDS FROM 表名;
  ```

### 查看表创建语句: 

```sql
SHOW CREATE TABLE 表名; 
SHOW CREATE TABLE 表名\G; # 显示效果好点
```

### 使用`utf8`字符集建库

utf8字符集是残缺的只有三个字节，utf8mb4 占4个字节，里面可以存储所有的utf8字符。

```sql
create database xiaohaizi character set utf8mb4;
create database IF NOT EXISTS xiaohaizi character set utf8mb4; # 不存在才建立
```

### 修改表名

```sql
ALTER TABLE 旧表名 RENAME TO 新表名;
RENAME TABLE 旧表名1 TO 新表名1, 旧表名2 TO 新表名2, ... 旧表名n TO 新表名n;
```

还可以把一个数据库中的表转移到另一个数据库中：

```sql
RENAME TABLE dahaizi.first_table1 TO xiaohaizi.first_table;
```

### 增加表中的列

```sql
ALTER TABLE 表名 ADD COLUMN 列名 数据类型 [列的属性];

例子：
ALTER TABLE first_table ADD COLUMN third_column CHAR(4) ;
```

默认mysql会添加在最后一列，如果想要添加到第一列，可以这样：

```sql
ALTER TABLE 表名 ADD COLUMN 列名 列的类型 [列的属性] FIRST;
```

添加在指定列名的后面：

```sql
ALTER TABLE 表名 ADD COLUMN 列名 列的类型 [列的属性] AFTER 指定列名;
```

### 删除列

```sql
ALTER TABLE 表名 DROP COLUMN 列名;
```

### 修改列的信息：

方式1：

```sql
ALTER TABLE 表名 MODIFY 列名 新数据类型 [新属性];
```

注意：修改后的数据类型和属性一定要兼容表中现有的数据

方式2：

这种修改方式需要我们填两个列名，也就是说在修改数据类型和属性的同时也可以修改列名

```sql
ALTER TABLE 表名 CHANGE 旧列名 新列名 新数据类型 [新属性];
```

### 修改列排列位置

将列设为表的第一列：

```sql
ALTER TABLE 表名 MODIFY 列名 列的类型 列的属性 FIRST;
```

将列放到指定列的后边：

```sql
ALTER TABLE 表名 MODIFY 列名 列的类型 列的属性 AFTER 指定列名;
```

### 一条语句中包含多个修改操作

如果对同一个表有多个修改操作的话，我们可以把它们放到一条语句中执行，就像这样：

```sql
ALTER TABLE 表名 操作1, 操作2, ..., 操作n;
```

## 列的属性

### 简单查询语句：

```sql
SELECT * FROM 表名;
```

### 简单插入语句：

```sql
INSERT INTO 表名(列1, 列2, ...) VALUES(列1的值，列2的值, ...);
# 批量插入
INSERT INTO 表名(列1,列2, ...) VAULES(列1的值，列2的值, ...), (列1的值，列2的值, ...), (列1的值，列2的值, ...), ...;
```

### 默认值

在书写`INSERT`语句插入记录的时候可以只指定部分的列，那些没有被显式指定的列的值将被设置为`NULL`，换一种说法就是列的默认值为`NULL`，`NULL`的含义是这个列的值还没有被设置。如果我们不想让默认值为`NULL`，而是设置成某个有意义的值，可以在定义列的时候给该列增加一个`DEFAULT`属性，就像这样：

```sql
列名 列的类型 DEFAULT 默认值
```

### NOT NULL属性

有时候我们需要要求表中的某些列中必须有值，不能存放`NULL`，那么可以用这样的语法来定义这个列：

```
列名 列的类型 NOT NULL
```

### 主键

有时候在我们的表里可以通过某个列或者某些列确定唯一的一条记录，我们就可以把这个列或者这些列称为`候选键`。比如在学生信息表`student_info`中，只要我们知道某个学生的学号，就可以确定一个唯一的学生信息，也就是一条记录。当然，我们也可以通过身份证号来确定唯一的一条学生信息记录，所以`学号`和`身份证号`都可以作为学生信息表的`候选键`。在学生成绩表`student_score`中，我们可以通过`学号`和`科目`这两个列的组合来确定唯一的一条成绩记录，所以`学号、科目`这两个列的组合可以作为学生成绩表的`候选键`。

**一个表可能有多个候选键，我们可以选择一个候选键作为表的`主键`。一个表最多只能有一个主键，主键的值不能重复，通过主键可以找到唯一的一条记录**

主键可以通过两种方式进行声明：

1. 如果主键只是单个列的话，可以直接在该列后声明`PRIMARY KEY`

2. 也可以把主键的声明单独提取出来，用这样的形式声明：

   ```sql
   PRIMARY KEY (列名1, 列名2, ...)
   ```

   对于多个列的组合作为主键的情况，必须使用这种单独声明的形式

主键默认具有 `NOT NULL` 属性。

### UNIQUE属性

对于不是主键的其他候选键，如果也想让`MySQL`在我们向表中插入新记录的时候帮助我们校验一下某个列或者列组合的值是否重复，那么我们可以把这个列或列组合添加一个`UNIQUE`属性，表明该列或者列组合的值是不允许重复的。

声明方式也是两种：

1. 如果我们想为单个列声明`UNIQUE`属性，可以直接在该列后填写`UNIQUE`或者`UNIQUE KEY`

2. 也可以把`UNIQUE`属性的声明单独提取出来

   ```
   UNIQUE [约束名称] (列名1, 列名2, ...)
   或
   UNIQUE KEY [约束名称] (列名1, 列名2, ...)
   ```

如果表中为某个列或者列组合定义了`UNIQUE`属性的话，`MySQL`会对我们插入的记录做校验，如果新插入记录在该列或者列组合的值已经在表中存在了，那就会报错！

### 主键和UNIQUE约束的区别

1. 一张表中只能定义一个主键，却可以定义多个`UNIQUE`约束！
2. 规定：主键列不允许存放NULL，而声明了`UNIQUE`属性的列可以存放`NULL`，而且`NULL`可以重复地出现在多条记录中！

### 外键

定义外键的语法：

```sql
CONSTRAINT [外键名称] FOREIGN KEY(列1, 列2, ...) REFERENCES 父表名(父列1, 父列2, ...);
```

其中的`外键名称`也是可选的。如果A表中的某个列或者某些列依赖与B表中的某个列或者某些列，那么就称A表为`子表`，B表为`父表`。子表和父表可以使用外键来关联起来。

> 父表中被子表依赖的列或者列组合必须建立索引，如果该列或者列组合已经是主键或者有UNIQUE属性，那么它们也就被默认建立了索引。示例中student_score表依赖于stuent_info表的number列，而number列又是stuent_info的主键（注意上一章定义的student_info结构中没有把number列定义为主键，本章才将其定义为主键，如果你的机器上还没有将其定义为主键的话，赶紧修改表结构呗～），所以在student_score表中创建外键是没问题的。

### AUTO_INCREMENT属性

`AUTO_INCREMENT`翻译成中文可以理解为`自动增长`，简称自增。如果一个表中的某个列的数据类型是整数类型或者浮点数类型，那么这个列可以设置`AUTO_INCREMENT`属性。当我们把某个列设置了`AUTO_INCREMENT`属性之后，如果我们在插入新记录的时候不指定该列的值，或者将该列的值显式地指定为`NULL`或者`0`，那么新插入的记录在该列上的值就是当前该列的最大值加1后的值，定义语法为：

```
列名 列的类型 AUTO_INCREMENT
```

列`id`是从1开始递增的。在为列定义`AUTO_INCREMENT`属性的时候需要注意这几点：

1. 一个表中最多有一个具有AUTO_INCREMENT属性的列。
2. 具有AUTO_INCREMENT属性的列必须建立索引。主键和具有`UNIQUE`属性的列会自动建立索引。不过至于什么是索引，在学习MySQL进阶的时候才会介绍。
3. 拥有AUTO_INCREMENT属性的列就不能再通过指定DEFAULT属性来指定默认值。
4. 一般拥有AUTO_INCREMENT属性的列都是作为主键的属性，来自动生成唯一标识一条记录的主键值。

### 列的注释

上一章中我们说了在建表语句的末尾可以添加`COMMENT`语句来给表添加注释，其实我们也可以在每一个列末尾添加`COMMENT`语句来为列来添加注释，比方说：

```
CREATE TABLE first_table (
    id int UNSIGNED AUTO_INCREMENT PRIMARY KEY COMMENT '自增主键',
    first_column INT COMMENT '第一列',
    second_column VARCHAR(100) DEFAULT 'abc' COMMENT '第二列'
) COMMENT '第一个表';
```

### 影响展示外观的ZEROFILL属性

下边是正整数`3`的三种写法：

- 写法一：`3`
- 写法二：`003`
- 写法三：`000003`

对于无符号整数类型的列，我们可以在查询数据的时候让数字左边补0，如果想实现这个效果需要给该列加一个`ZEROFILL`属性（也可以理解为这是一个属于数据类型的属性），就像这样：

```
mysql> CREATE TABLE zerofill_table (
    ->     i1 INT UNSIGNED ZEROFILL,
    ->     i2 INT UNSIGNED
    -> );
Query OK, 0 rows affected (0.03 sec)
```

`显示宽度`。`显示宽度`是在查询语句显示的结果中，如果声明了 **ZEROFILL** 属性的整数列的实际值的位数小于显示宽度时，会在实际值的左侧补0，使补0的位数和实际值的位数相加正好等于显示宽度。我们也可以自己指定显示宽度

- 在展示查询结果时，某列数据自动补0的条件有这几个：

  - 该列必须是整数类型的
  - 该列必须有`UNSIGNED ZEROFILL`的属性
  - 该列的实际值的位数必须小于显示宽度

- 在创建表的时候，如果声明了`ZEROFILL`属性的列没有声明`UNSIGNED`属性，那`MySQL`会为该列自动生成`UNSIGNED`属性。

  也就是说如果我们创建表语句是这样的：

  ```
  CREATE TABLE zerofill_table (
      i1 INT ZEROFILL,
      i2 INT UNSIGNED
  );
  ```

  `MySQL`会自动帮我们为`i1`列加上`UNSIGNED`属性，也就是这样：

  ```
  CREATE TABLE zerofill_table (
      i1 INT UNSIGNED ZEROFILL,
      i2 INT UNSIGNED
  );
  ```

  也就是说`MySQL`现在只支持对无符号整数进行自动补0的操作。

- 每个整数类型都会有默认的显示宽度。

  比如`TINYINT`的默认显示宽度是`4`，`INT`的默认显示宽度是`(11)`... 如果加了`UNSIGNED`属性，则该类型的显示宽度减1，比如`TINYINT UNSIGNED`的显示宽度是`3`，`INT UNSIGNED`的显示宽度是`10`。

- 显示宽度并不会影响实际类型的实际存储空间。

  显示宽度仅仅是在展示查询结果时，如果整数的位数不够显示宽度的情况下起作用的，并不影响该数据类型要求的存储空间以及该类型能存储的数据范围，也就是说`INT(1)`和`INT(10)`仅仅在展示时可能有区别，在别的方面没有任何区别。比方说`zerofill_table`表中`i1`列的显示宽度是5，而数字`12345678`的位数是8，它照样可以被填入`i1`列中：

  ```
  mysql> INSERT INTO zerofill_table(i1, i2) VALUES(12345678, 12345678);
  Query OK, 1 row affected (0.01 sec)
  
  mysql>
  ```

- 只有列的实际值的位数小于显示宽度时才会补0，实际值的位数大于显示宽度时照原样输出。

  比方说我们刚刚把`12345678`存到了`i1`列里，在展示这个值时，并不会截短显示的数据，而是照原样输出：

  ```
  mysql> SELECT * FROM zero_table;
  +----------+----------+
  | i1       | i2       |
  +----------+----------+
  |    00001 |        1 |
  | 12345678 | 12345678 |
  +----------+----------+
  2 rows in set (0.00 sec)
  
  mysql>
  ```

- 对于没有声明`ZEROFILL`属性的列，显示宽度没有一毛钱卵用。

  只有在查询声明了`ZEROFILL`属性的列时，显示宽度才会起作用，否则忽略显示宽度这个东西的存在。

### 一个列同时具有多个属性

每个列可以同时具有多个属性，属性声明的顺序无所谓，各个属性之间用空白隔开就好了～

### 查看表结构时的列属性

```
mysql> DESC student_info;
+-----------------+-------------------+------+-----+---------+-------+
| Field           | Type              | Null | Key | Default | Extra |
+-----------------+-------------------+------+-----+---------+-------+
| number          | int(11)           | NO   | PRI | NULL    |       |
| name            | varchar(5)        | YES  |     | NULL    |       |
| sex             | enum('男','女')   | YES  |     | NULL    |       |
| id_number       | char(18)          | YES  | UNI | NULL    |       |
| department      | varchar(30)       | YES  |     | NULL    |       |
| major           | varchar(30)       | YES  |     | NULL    |       |
| enrollment_time | date              | YES  |     | NULL    |       |
+-----------------+-------------------+------+-----+---------+-------+
7 rows in set (0.00 sec)

mysql>
```

可以看到：

- `NULL`列代表该列是否可以存储`NULL`，值为`NO`时，表示不允许存储`NULL`，值为`YES`是表示可以存储`NULL`。
- `Key`列存储关于所谓的`键`的信息，当值为`PRI`是`PRIMARY KEY`的缩写，代表主键；`UNI`是`UNIQUE KEY`的缩写，代表`UNIQUE`属性。
- `Default`列代表该列的默认值。
- `Extra`列展示一些额外的信息。比方说如果某个列具有`AUTO_INCREMENT`属性就会被展示在这个列里。

## 简单查询

### 查询单个列

```sql
SELECT 列名 FROM 表名;
```

### 列的别名

我们也可以为结果集中的列重新定义一个`别名`，命令格式如下：

```sql
SELECT 列名 [AS] 列的别名 FROM 表名;
```

### 查询多个列

如果想查询多个列的数据，可以在`SELECT`后边写多个列名，用逗号`,`分隔开就好：

```sql
SELECT 列名1, 列名2, ... 列名n FROM 表名;
```

我们把`SELECT`语句后边跟随的多个列统称为`查询列表`，需要注意的是，查询列表中的列名可以按任意顺序摆放，结果集将按照我们指定的列名顺序显示

### 查询所有列

```sql
SELECT * FROM 表名;
```

需要注意的是，除非你确实需要表中的每个列，否则一般最好别使用星号`*`来查询所有列，虽然星号`*`看起来很方便，不用明确列出所需的列，但是查询不需要的列通常会降低性能。

### 查询结果去重

#### 去除单列的重复结果

```sql
SELECT DISTINCT 列名 FROM 表名;
```

#### 去除多列的重复结果

```sql
SELECT DISTINCT 列名1, 列名2, ... 列名n  FROM 表名;
```

### 限制查询结果条数

有时候查询结果的条数会很多，都显示出来可能会撑爆屏幕～ 所以`MySQL`给我们提供了一种限制结果集中的记录条数的方式，就是在查询语句的末尾使用这样的语法：

```sql
LIMIT 开始行, 限制条数;
```

`开始行`指的是我们想从第几行数据开始查询，`限制条数`是结果集中最多包含多少条记录。

`LIMIT` 后面也可以直接跟数字，代表开始行为 0

### 对查询结果排序

#### 按照单个列的值进行排序

我们可以用下边的语法来指定返回结果的记录按照某一列的值进行排序：

```sql
ORDER BY 列名 ASC|DESC
```

- `ASC`和`DESC`指的是排序方向。

- `ASC`是指按照指定列的值进行由小到大进行排序，也叫做`升序`

- `DESC`是指按照指定列的值进行由大到小进行排序，也叫做`降序`，中间的`|`表示这两种方式只能选一个

#### 按照多个列的值进行排序

```sql
ORDER BY 列1 ASC|DESC, 列2 ASC|DESC ...
```

- 如果不指定排序方向，则默认使用的是`ASC`，也就是从小到大的升序规则。

### 带搜索条件的查询

#### 使用 `where` 子句

形如：`SELECT number, name, id_number, major FROM student_info WHERE name = '范剑';`

`MySQL`还提供了很多别的比较操作符，比如：

|    操作符     |          示例           |        描述        |
| :-----------: | :---------------------: | :----------------: |
|      `=`      |         `a = b`         |       a等于b       |
| `<>`或者`!=`  |        `a <> b`         |      a不等于b      |
|      `<`      |         `a < b`         |       a小于b       |
|     `<=`      |        `a <= b`         |    a小于或等于b    |
|      `>`      |         `a > b`         |       a大于b       |
|     `>=`      |        `a >= b`         |    a大于或等于b    |
|   `BETWEEN`   |   `a BETWEEN b AND c`   |  满足 b <= a <= c  |
| `NOT BETWEEN` | `a NOT BETWEEN b AND c` | 不满足 b <= a <= c |

#### 匹配列表中的元素：

|  操作符  |           示例           |             描述              |
| :------: | :----------------------: | :---------------------------: |
|   `IN`   |   `a IN (b1, b2, ...)`   |   a是b1, b2, ... 中的某一个   |
| `NOT IN` | `a NOT IN (b1, b2, ...)` | a不是b1, b2, ... 中的任意一个 |

#### 匹配`NULL`值

|    操作符     |      示例       |      描述       |
| :-----------: | :-------------: | :-------------: |
|   `IS NULL`   |   `a IS NULL`   |  a的值是`NULL`  |
| `IS NOT NULL` | `a IS NOT NULL` | a的值不是`NULL` |

#### 多个搜索条件

使用 `AND` 或者 `OR` 操作符吗，其中 `AND` 的优先级比较大

#### 通配符

通常用来进行模糊查询

|   操作符   |      示例      |   描述   |
| :--------: | :------------: | :------: |
|   `LIKE`   |   `a LIKE b`   |  a匹配b  |
| `NOT LIKE` | `a NOT LIKE b` | a不匹配b |

MySQL支持两种通配符：

1. `%`：代表任意一个字符串。
2. `_`：代表任意一个字符。

如果待匹配的字符包含 `%` 或者 `_` ，则可以使用 `\` 进行转义

## 表达式和函数

### 操作数

`MySQL`中`操作数`可以是下边这几种类型：

1. 常数

   常数很好理解，我们平时用到的数字、字符串、时间值什么的都可以被称为常数，它是一个确定的值，比如数字`1`，字符串`'abc'`，时间值`2019-08-16 17:10:43`啥的。

2. 列名

   针对某个具体的表，它的列名可以被当作表达式的一部分，比如对于`student_info`表来说，`number`、`name`都可以作为`操作数`。

3. 函数调用

   `MySQL`中有`函数`的概念，比方说获取当前时间的函数`NOW`，而在函数后边加个小括号就算是一个`函数调用`，比如`NOW()`。

4. 标量子查询或者行子查询

5. 其他表达式

   一个表达式也可以作为一个操作数与另一个操作数来形成一个更复杂的表达式，比方说（假设`col`是一个列名）：

   - (col - 5) / 3
   - (1 + 1) * 2 + col * 3

### 操作符

1. 算术操作符

   | 操作符 |   示例    |         描述         |
   | :----: | :-------: | :------------------: |
   |  `+`   |  `a + b`  |         加法         |
   |  `-`   |  `a - b`  |         减法         |
   |  `*`   |  `a * b`  |         乘法         |
   |  `/`   |  `a / b`  |         除法         |
   | `DIV`  | `a DIV b` | 除法，取商的整数部分 |
   |  `%`   |  `a % b`  |         取余         |
   |  `-`   |   `-a`    |         负号         |

   在使用`MySQL`中的`算术操作符`时需要注意，`DIV`和`/`都表示除法操作符，但是`DIV`只会取商的整数部分，`/`会保留商的小数部分。比如表达式 `2 DIV 3`的结果是`0`，而`2 / 3`的结果是`0.6667`。

2. 比较操作符

   |    操作符     |           示例           |             描述              |
   | :-----------: | :----------------------: | :---------------------------: |
   |      `=`      |         `a = b`          |            a等于b             |
   | `<>`或者`!=`  |         `a <> b`         |           a不等于b            |
   |      `<`      |         `a < b`          |            a小于b             |
   |     `<=`      |         `a <= b`         |         a小于或等于b          |
   |      `>`      |         `a > b`          |            a大于b             |
   |     `>=`      |         `a >= b`         |         a大于或等于b          |
   |   `BETWEEN`   |   `a BETWEEN b AND c`    |       满足 b <= a <= c        |
   | `NOT BETWEEN` | `a NOT BETWEEN b AND c`  |      不满足 b <= a <= c       |
   |     `IN`      |   `a IN (b1, b2, ...)`   |   a是b1, b2, ... 中的某一个   |
   |   `NOT IN`    | `a NOT IN (b1, b2, ...)` | a不是b1, b2, ... 中的任意一个 |
   |   `IS NULL`   |       `a IS NULL`        |         a的值是`NULL`         |
   | `IS NOT NULL` |     `a IS NOT NULL`      |        a的值不是`NULL`        |
   |    `LIKE`     |        `a LIKE b`        |            a匹配b             |
   |  `NOT LIKE`   |      `a NOT LIKE b`      |           a不匹配b            |

   由`比较操作符`连接而成的表达式也称为`布尔表达式`，表示`真`或者`假`，也可以称为`TRUE`或者`FALSE`。比如`1 > 3`就代表`FALSE`，`3 != 2`就代表`TRUE`。

3. 逻辑操作符

   | 操作符 |   示例    |                 描述                 |
   | :----: | :-------: | :----------------------------------: |
   | `AND`  | `a AND b` |    只有a和b同时为真，表达式才为真    |
   |  `OR`  | `a OR b`  | 只要a或b有任意一个为真，表达式就为真 |
   | `XOR`  | `a XOR b` |   a和b有且只有一个为真，表达式为真   |

### 表达式的使用

只要把这些`操作数`和`操作符`相互组合起来就可以组成一个`表达式`。`表达式`主要以下边这两种方式使用：

1. 放在查询列表中

   我们前边都是将列名放在查询列表中的(`*`号代表所有的列名～)。列名只是`表达式`中超级简单的一种，我们可以将任意一个表达式作为查询列表的一部分来处理，比方说我们可以在查询`student_score`表时把`score`字段的数据都加`100`，就像这样：

   ```sql
   SELECT  number, subject, score + 100 FROM student_score;
   ```

   需要注意的是，放在查询列表的表达式也可以不涉及列名，就像这样：

   ```sql
   SELECT 1 FROM student_info;
   ```

2. 作为搜索条件

   搜索条件也可以不带列名，比如这样：

   ```sql
   SELECT number, name, id_number, major FROM student_info WHERE 2 > 1;
   ```

### 函数

在使用`MySQL`过程中经常会有一些需求，比方说将给定文本中的小写字母转换成大写字母，把某个日期数据中的月份值提取出来等等。为了解决这些常遇到的问题，`MySQL`提供了很多所谓的`函数`：

- `UPPER`函数是用来把给定的文本中的小写字母转换成大写字母。
- `MONTH`函数是用来把某个日期数据中的月份值提取出来。
- `NOW`函数用来获取当前的日期和时间。

#### 文本处理函数：

|    名称     |           调用示例            |  示例结果   |                  描述                  |
| :---------: | :---------------------------: | :---------: | :------------------------------------: |
|   `LEFT`    |      `LEFT('abc123', 3)`      |    `abc`    |    给定字符串从左边取指定长度的子串    |
|   `RIGHT`   |     `RIGHT('abc123', 3)`      |    `123`    |    给定字符串从右边取指定长度的子串    |
|  `LENGTH`   |        `LENGTH('abc')`        |     `3`     |            给定字符串的长度            |
|   `LOWER`   |        `LOWER('ABC')`         |    `abc`    |          给定字符串的小写格式          |
|   `UPPER`   |        `UPPER('abc')`         |    `ABC`    |          给定字符串的大写格式          |
|   `LTRIM`   |        `LTRIM(' abc')`        |    `abc`    |     给定字符串左边空格去除后的格式     |
|   `RTRIM`   |        `RTRIM('abc ')`        |    `abc`    |     给定字符串右边空格去除后的格式     |
| `SUBSTRING` |  `SUBSTRING('abc123', 2, 3)`  |    `bc1`    | 给定字符串从指定位置截取指定长度的子串 |
|  `CONCAT`   | `CONCAT('abc', '123', 'xyz')` | `abc123xyz` |  将给定的各个字符串拼接成一个新字符串  |

#### 日期和时间处理函数：

|     名称      |                     调用示例                      |       示例结果        |                             描述                             |
| :-----------: | :-----------------------------------------------: | :-------------------: | :----------------------------------------------------------: |
|     `NOW`     |                      `NOW()`                      | `2019-08-16 17:10:43` |                      返回当前日期和时间                      |
|   `CURDATE`   |                    `CURDATE()`                    |     `2019-08-16`      |                         返回当前日期                         |
|   `CURTIME`   |                    `CURTIME()`                    |      `17:10:43`       |                         返回当前时间                         |
|    `DATE`     |           `DATE('2019-08-16 17:10:43')`           |     `2019-08-16`      |               将给定日期和时间值的日期提取出来               |
|  `DATE_ADD`   | `DATE_ADD('2019-08-16 17:10:43', INTERVAL 2 DAY)` | `2019-08-18 17:10:43` |            将给定的日期和时间值添加指定的时间间隔            |
|  `DATE_SUB`   | `DATE_SUB('2019-08-16 17:10:43', INTERVAL 2 DAY)` | `2019-08-14 17:10:43` |            将给定的日期和时间值减去指定的时间间隔            |
|  `DATEDIFF`   |      `DATEDIFF('2019-08-16', '2019-08-17');`      |         `-1`          | 返回两个日期之间的天数（负数代表前一个参数代表的日期比较小） |
| `DATE_FORMAT` |          `DATE_FORMAT(NOW(),'%m-%d-%Y')`          |     `08-16-2019`      |                  用给定的格式显示日期和时间                  |

在使用`DATE_ADD`和`DATE_SUB`这两个函数时需要注意，增加或减去的时间间隔单位可以自己定义，下边是`MySQL`支持的一些时间单位：

|   时间单位    | 描述 |
| :-----------: | :--: |
| `MICROSECOND` | 毫秒 |
|   `SECOND`    |  秒  |
|   `MINUTE`    | 分钟 |
|    `HOUR`     | 小时 |
|     `DAY`     |  天  |
|    `WEEK`     | 星期 |
|    `MONTH`    |  月  |
|   `QUARTER`   | 季度 |
|    `YEAR`     |  年  |

如果我们相让`2019-08-16 17:10:43`这个时间值增加2分钟，可以这么写：

```sql
SELECT DATE_ADD('2019-08-16 17:10:43', INTERVAL 2 MINUTE);
```

在使用`DATE_FORMAT`函数时需要注意，我们可以通过一些所谓的`格式符`来自定义日期和时间的显示格式，下边是`MySQL`中常用的一些日期和时间的格式符以及它们对应的含义：

| 格式符 |                          描述                           |
| :----: | :-----------------------------------------------------: |
|  `%b`  |           简写的月份名称（Jan、Feb、...、Dec)           |
|  `%D`  | 带有英文后缀的月份中的日期（0th、1st、2nd、...、31st)） |
|  `%d`  |       数字格式的月份中的日期(00、01、02、...、31)       |
|  `%f`  |                  微秒（000000-999999）                  |
|  `%H`  |               二十四小时制的小时 (00-23)                |
|  `%h`  |                十二小时制的小时 (01-12)                 |
|  `%i`  |                  数值格式的分钟(00-59)                  |
|  `%M`  |       月份名（January、February、...、December）        |
|  `%m`  |                  数值形式的月份(00-12)                  |
|  `%p`  |          上午或下午（AM代表上午、PM代表下午）           |
|  `%S`  |                        秒(00-59)                        |
|  `%s`  |                        秒(00-59)                        |
|  `%W`  |         星期名（Sunday、Monday、...、Saturday）         |
|  `%w`  |      周内第几天 （0=星期日、1=星期一、 6=星期六）       |
|  `%Y`  |               4位数字形式的年（例如2019）               |
|  `%y`  |                2位数字形式的年（例如19）                |

可以把我们想要的显示格式用对应的格式符描述出来，就像这样：

```sql
SELECT DATE_FORMAT(NOW(),'%b %d %Y %h:%i %p');
```

`'%b %d %Y %h:%i %p'`就是一个用格式符描述的显示格式，意味着对应的日期和时间应该以下边描述的方式展示：

- 先输出简写的月份名称（格式符`%b`），也就是示例中的`Aug`，然后输出一个空格。
- 再输出用数字格式表示的的月份中的日期（格式符`%d`），也就是示例中的`16`，然后输出一个空格。
- 再输出4位数字形式的年（格式符`%Y`），也就是示例中的`2019`，然后输出一个空格。
- 再输出十二小时制的小时（格式符`%h`），也就是示例中的`05`，然后输出一个冒号`:`。
- 再输出数值格式的分钟（格式符`%i`），也就是示例中的`10`，然后输出一个空格。
- 最后输出上午或者下午（格式符`%p`），也就是示例中的`PM`。

#### 数值处理函数

|  名称  |   调用示例    |       示例结果       |        描述        |
| :----: | :-----------: | :------------------: | :----------------: |
| `ABS`  |   `ABS(-1)`   |         `1`          |      取绝对值      |
|  `Pi`  |    `PI()`     |      `3.141593`      |     返回圆周率     |
| `COS`  |  `COS(PI())`  |         `-1`         | 返回一个角度的余弦 |
| `EXP`  |   `EXP(1)`    | `2.718281828459045`  |  返回e的指定次方   |
| `MOD`  |  `MOD(5,2)`   |         `1`          |   返回除法的余数   |
| `RAND` |   `RAND()`    | `0.7537623539136372` |   返回一个随机数   |
| `SIN`  | `SIN(PI()/2)` |         `1`          | 返回一个角度的正弦 |
| `SQRT` |   `SQRT(9)`   |         `3`          | 返回一个数的平方根 |
| `TAN`  |   `TAN(0)`    |         `0`          | 返回一个角度的正切 |

#### 聚集函数

如果将上边介绍的那些函数以函数调用的形式放在查询列表中，那么会为表中符合`WHERE`条件的每一条记录调用一次该函数。

有些函数是用来统计数据的，比方说统计一下表中的行数，某一列数据的最大值是什么，我们把这种函数称之为`聚集函数`，下边介绍`MySQL`中常用的几种`聚集函数`：

| 函数名  |       描述       |
| :-----: | :--------------: |
| `COUNT` |  返回某列的行数  |
|  `MAX`  | 返回某列的最大值 |
|  `MIN`  | 返回某列的最小值 |
|  `SUM`  |  返回某列值之和  |
|  `AVG`  | 返回某列的平均值 |

`COUNT`函数使用来统计行数的，它有下边两种使用方式：

1. `COUNT(*)`：对表中行的数目进行计数，不管列的值是不是`NULL`。
2. `COUNT(列名)`：对特定的列进行计数，会忽略掉该列为`NULL`的行。

**两者的区别是会不会忽略统计列的值为NULL的行！**

聚集函数中DISTINCT的使用

默认情况下，上边介绍的聚集函数将计算指定列的所有非`NULL`数据，如果我们指定的列中有重复数据的话，可以选择使用`DISTINCT`来过滤掉这些重复数据。比方说我们想查看一下`student_info`表中存储了多少个专业的学生信息，就可以这么写：

```sql
SELECT COUNT(DISTINCT major) FROM student_info;
```

组合聚集函数

这些聚集函数也可以集中在一个查询中使用，比如这样：

```sql
SELECT COUNT(*) AS 成绩记录总数, MAX(score) AS 最高成绩, MIN(score) AS 最低成绩, AVG(score) AS 平均成绩 FROM student_score;
```

### 隐式类型转换

只要某个值的类型与上下文要求的类型不符，`MySQL`就会根据上下文环境中需要的类型对该值进行类型转换，由于这些类型转换都是`MySQL`自动完成的，所以也可以被称为`隐式类型转换`。我们列举几种常见的隐式类型转换的场景：

1. 把操作数类型转换为适合操作符计算的相应类型。

   比方说对于加法操作符`+`来说，它要求两个操作数都必须是数字才能进行计算，所以如果某个操作数不是数字的话，会将其隐式转换为数字，比方说下边这几个例子：

   ```
   1 + 2       →   3
   '1' + 2     →   3
   '1' + '2'   →   3
   ```

   虽然`'1'`、`'2'`都是字符串，但是如果它们作为加法操作符`+`的操作数的话，都会被强制转换为数字，所以上边几个表达式其实都会被当作`1 + 2`去处理的

2. 将函数参数转换为该函数期望的类型。

   我们拿用于拼接字符串的`CONCAT`函数举例，这个函数以字符串类型的值作为参数，如果我们在调用这个函数的时候，传入了别的类型的值作为参数，`MySQL`会自动把这些值的类型转换为字符串类型的：

   ```
   CONCAT('1', '2')    →   '12'
   CONCAT('1', 2)      →   '12'
   CONCAT(1, 2)        →   '12'
   ```

   虽然`1`、`2`都是数字，但是如果它们作为`CONCAT`函数的参数的话，都会被强制转换为字符串，所以上边几个表达式其实都会被当作`CONCAT('1', '2)`去处理的

3. 存储数据时，把某个值转换为某个列需要的类型。

#### 类型转换的注意事项

1. `MySQL`会尽量把值转换为表达式中需要的类型，而不是产生错误。

   按理说`'23sfd'`这个字符串无法转换为数字，但是`MySQL`规定只要字符串的开头部分包含数字，那么就把这个字符串转换为开头的数字，如果开头并没有包含数字，那么将被转换成`0`，比方说这样：

   ```
   '23sfd'         →   23
   '2019-08-28'    →   2019
   '11:30:32'      →   11
   'sfd'           →   0
   ```

   不过需要注意的是，这种强制转换不能用于存储数据中

2. 在运算时会自动提升操作数的类型。比如`TINYINT`最大能表示的数字是127，如果两个相加就会爆，所以MySQL会自动提升操作数的类型，让结果不爆。`MySQL`自动将整数类型的操作数提升到了`BIGINT`，这样就不会产生运算结果太大超过`TINYINT`能表示的数值范围的尴尬情况了。类似的，有浮点数的运算过程会把操作数自动转型为`DOUBLE`类型。

## 分组查询

